Date,Year,Quarter,MonthNumber,MonthName,WeekNumber,DayName
2025-01-01,2025,Q1,1,January,1,Wednesday
2025-01-02,2025,Q1,1,January,1,Thursday
2025-01-03,2025,Q1,1,January,1,Friday
2025-01-04,2025,Q1,1,January,1,Saturday
2025-01-05,2025,Q1,1,January,1,Sunday
2025-01-06,2025,Q1,1,January,2,Monday
2025-01-07,2025,Q1,1,January,2,Tuesday
2025-01-08,2025,Q1,1,January,2,Wednesday
2025-01-09,2025,Q1,1,January,2,Thursday
2025-01-10,2025,Q1,1,January,2,Friday
2025-01-11,2025,Q1,1,January,2,Saturday
2025-01-12,2025,Q1,1,January,2,Sunday
2025-01-13,2025,Q1,1,January,3,Monday
2025-01-14,2025,Q1,1,January,3,Tuesday
2025-01-15,2025,Q1,1,January,3,Wednesday
2025-01-16,2025,Q1,1,January,3,Thursday
2025-01-17,2025,Q1,1,January,3,Friday
2025-01-18,2025,Q1,1,January,3,Saturday
2025-01-19,2025,Q1,1,January,3,Sunday
2025-01-20,2025,Q1,1,January,4,Monday
2025-01-21,2025,Q1,1,January,4,Tuesday
2025-01-22,2025,Q1,1,January,4,Wednesday
2025-01-23,2025,Q1,1,January,4,Thursday
2025-01-24,2025,Q1,1,January,4,Friday
2025-01-25,2025,Q1,1,January,4,Saturday
2025-01-26,2025,Q1,1,January,4,Sunday
2025-01-27,2025,Q1,1,January,5,Monday
2025-01-28,2025,Q1,1,January,5,Tuesday
2025-01-29,2025,Q1,1,January,5,Wednesday
2025-01-30,2025,Q1,1,January,5,Thursday
2025-01-31,2025,Q1,1,January,5,Friday
2025-02-01,2025,Q1,2,February,5,Saturday
2025-02-02,2025,Q1,2,February,5,Sunday
2025-02-03,2025,Q1,2,February,6,Monday
2025-02-04,2025,Q1,2,February,6,Tuesday
2025-02-05,2025,Q1,2,February,6,Wednesday
2025-02-06,2025,Q1,2,February,6,Thursday
2025-02-07,2025,Q1,2,February,6,Friday
2025-02-08,2025,Q1,2,February,6,Saturday
2025-02-09,2025,Q1,2,February,6,Sunday
2025-02-10,2025,Q1,2,February,7,Monday
2025-02-11,2025,Q1,2,February,7,Tuesday
2025-02-12,2025,Q1,2,February,7,Wednesday
2025-02-13,2025,Q1,2,February,7,Thursday
2025-02-14,2025,Q1,2,February,7,Friday
2025-02-15,2025,Q1,2,February,7,Saturday
2025-02-16,2025,Q1,2,February,7,Sunday
2025-02-17,2025,Q1,2,February,8,Monday
2025-02-18,2025,Q1,2,February,8,Tuesday
2025-02-19,2025,Q1,2,February,8,Wednesday
2025-02-20,2025,Q1,2,February,8,Thursday
2025-02-21,2025,Q1,2,February,8,Friday
2025-02-22,2025,Q1,2,February,8,Saturday
2025-02-23,2025,Q1,2,February,8,Sunday
2025-02-24,2025,Q1,2,February,9,Monday
2025-02-25,2025,Q1,2,February,9,Tuesday
2025-02-26,2025,Q1,2,February,9,Wednesday
2025-02-27,2025,Q1,2,February,9,Thursday
2025-02-28,2025,Q1,2,February,9,Friday
2025-03-01,2025,Q1,3,March,9,Saturday
2025-03-02,2025,Q1,3,March,9,Sunday
2025-03-03,2025,Q1,3,March,10,Monday
2025-03-04,2025,Q1,3,March,10,Tuesday
2025-03-05,2025,Q1,3,March,10,Wednesday
2025-03-06,2025,Q1,3,March,10,Thursday
2025-03-07,2025,Q1,3,March,10,Friday
2025-03-08,2025,Q1,3,March,10,Saturday
2025-03-09,2025,Q1,3,March,10,Sunday
2025-03-10,2025,Q1,3,March,11,Monday
2025-03-11,2025,Q1,3,March,11,Tuesday
2025-03-12,2025,Q1,3,March,11,Wednesday
2025-03-13,2025,Q1,3,March,11,Thursday
2025-03-14,2025,Q1,3,March,11,Friday
2025-03-15,2025,Q1,3,March,11,Saturday
2025-03-16,2025,Q1,3,March,11,Sunday
2025-03-17,2025,Q1,3,March,12,Monday
2025-03-18,2025,Q1,3,March,12,Tuesday
2025-03-19,2025,Q1,3,March,12,Wednesday
2025-03-20,2025,Q1,3,March,12,Thursday
2025-03-21,2025,Q1,3,March,12,Friday
2025-03-22,2025,Q1,3,March,12,Saturday
2025-03-23,2025,Q1,3,March,12,Sunday
2025-03-24,2025,Q1,3,March,13,Monday
2025-03-25,2025,Q1,3,March,13,Tuesday
2025-03-26,2025,Q1,3,March,13,Wednesday
2025-03-27,2025,Q1,3,March,13,Thursday
2025-03-28,2025,Q1,3,March,13,Friday
2025-03-29,2025,Q1,3,March,13,Saturday
2025-03-30,2025,Q1,3,March,13,Sunday
2025-03-31,2025,Q1,3,March,14,Monday
